Gene_name,gene_short_name
Mccc2,Mccc2
Higd2a,Higd2a
Tead2,Tead2
Slc30a5,Slc30a5
Acot8,Acot8
Atox1,Atox1
Dap,Dap
Dhdh,Dhdh
Tlcd2,Tlcd2
Agpat6,Agpat6
Gga2,Gga2
Ggnbp2,Ggnbp2
Gtf2i,Gtf2i
Itfg1,Itfg1
Lcor,Lcor
Lman1,Lman1
Mocs2,Mocs2
Mphosph6,Mphosph6
Mrps31,Mrps31
Ppp2r3d,Ppp2r3d
Scfd1,Scfd1
Serpinh1,Serpinh1
Slc16a1,Slc16a1
Tcea3,Tcea3
Tmem109,Tmem109
Txndc12,Txndc12
Akr7a5,Akr7a5
Aldh4a1,Aldh4a1
Anapc13,Anapc13
Azi2,Azi2
Ccnl2,Ccnl2
Dpagt1,Dpagt1
Dpp3,Dpp3
Dsc2,Dsc2
Glo1,Glo1
Golt1b,Golt1b
Gtf2b,Gtf2b
Ndufaf1,Ndufaf1
Nrbp1,Nrbp1
Plgrkt,Plgrkt
Ppt1,Ppt1
Rcl1,Rcl1
Rnf167,Rnf167
Slc6a6,Slc6a6
Tdp2,Tdp2
Tmprss6,Tmprss6
Arpc3,Arpc3
As3mt,As3mt
Atg12,Atg12
Bag1,Bag1
Cbr1,Cbr1
Cdk6,Cdk6
Clk1,Clk1
Cnih4,Cnih4
Coro1b,Coro1b
Dag1,Dag1
Fam103a1,Fam103a1
Fam3c,Fam3c
Fech,Fech
Gbas,Gbas
Hibadh,Hibadh
Hsd3b7,Hsd3b7
Idh1,Idh1
Ift20,Ift20
Mpc2,Mpc2
Net1,Net1
Ogt,Ogt
Pacsin2,Pacsin2
Pkp2,Pkp2
Polr2c,Polr2c
Ppie,Ppie
Prr14,Prr14
Slc38a10,Slc38a10
Slc50a1,Slc50a1
Spag7,Spag7
Surf1,Surf1
Tmem135,Tmem135
Tmem219,Tmem219
Tmem263,Tmem263
Trappc1,Trappc1
Uap1,Uap1
Uqcrh,Uqcrh
Uri1,Uri1
Vps35,Vps35
Wtap,Wtap
Yme1l1,Yme1l1
Acaa2,Acaa2
Acot1,Acot1
Aldh6a1,Aldh6a1
Aprt,Aprt
Atp6ap1,Atp6ap1
Atp6v1b2,Atp6v1b2
Bhlhb9,Bhlhb9
Casp3,Casp3
Ccdc104,Ccdc104
Chmp1a,Chmp1a
Chmp5,Chmp5
Cib1,Cib1
Cisd2,Cisd2
Creb3l3,Creb3l3
Ctps2,Ctps2
Dolk,Dolk
Dscr3,Dscr3
Erlin1,Erlin1
F11r,F11r
Gm17132,Gm17132
Gng12,Gng12
Hadh,Hadh
Hsd17b10,Hsd17b10
Idh3b,Idh3b
Kdelr2,Kdelr2
Lcmt1,Lcmt1
Ldlrad3,Ldlrad3
Lgr4,Lgr4
Lypla2,Lypla2
Mat2b,Mat2b
Med25,Med25
Metap2,Metap2
Mmd,Mmd
Mrpl23,Mrpl23
Mrps9,Mrps9
Ndfip1,Ndfip1
Ndufa1,Ndufa1
Nenf,Nenf
Nnt,Nnt
Nsdhl,Nsdhl
Ntan1,Ntan1
Pcyox1,Pcyox1
Pdss1,Pdss1
Pepd,Pepd
Pex19,Pex19
Phldb2,Phldb2
Ppapdc1b,Ppapdc1b
Psmd5,Psmd5
Psph,Psph
Rab14,Rab14
Rab24,Rab24
Rac1,Rac1
Rnps1,Rnps1
Sfr1,Sfr1
Syf2,Syf2
Tax1bp1,Tax1bp1
Tpd52l2,Tpd52l2
Ube2b,Ube2b
Usp5,Usp5
Uxt,Uxt
Wdr45b,Wdr45b
Zfp266,Zfp266
Zfyve21,Zfyve21
Abhd16a,Abhd16a
Actg1,Actg1
Agpat2,Agpat2
Aldh7a1,Aldh7a1
Alg2,Alg2
Alkbh7,Alkbh7
Asah1,Asah1
Atxn10,Atxn10
Bex1,Bex1
Bid,Bid
Blvrb,Blvrb
C8g,C8g
Capn2,Capn2
Cdc42se1,Cdc42se1
Cdk2,Cdk2
Cnot8,Cnot8
Cnpy3,Cnpy3
Cpped1,Cpped1
Cpt2,Cpt2
Cryz,Cryz
Cyp2c70,Cyp2c70
D10Jhu81e,D10Jhu81e
Dars,Dars
Dhrs3,Dhrs3
Dtwd1,Dtwd1
Ebna1bp2,Ebna1bp2
Emc4,Emc4
Ensa,Ensa
Etfdh,Etfdh
Fam107b,Fam107b
Fau,Fau
Fnta,Fnta
Frg1,Frg1
